{
    "name": "secure-web-platform",
    "version": "1.0.0",
    "main": "server.js",
    "scripts": {
      "start": "node server.js"
    },
    "dependencies": {
      "express": "^4.18.2",
      "multer": "^1.4.5",
      "crypto": "^1.0.1",
      "cors": "^2.8.5",
      "dotenv": "^16.0.3"
    }
  }
  {
    "name": "my-electron-app",
    "version": "1.0.0",
    "main": "main.js",
    "dependencies": {
      "electron": "^27.0.0"
    }
  }
  
  {
    "main": "server.js"
  }
  